{
  "admin": {
    "port": 8360,
    "workers": 0,
    "stickyCluster": false,
    "startServerTimeout": 3000,
    "reloadSignal": "SIGUSR2",
    "processKillTimeout": 10000,
    "jsonpCallbackField": "callback",
    "jsonContentType": "application/json",
    "jsonpContentType": "application/javascript",
    "errnoField": "errno",
    "errmsgField": "errmsg",
    "defaultErrno": 1000,
    "validateDefaultErrno": 1001,
    "default_module": "api",
    "weixin": {
      "appid": "",
      "secret": "",
      "mch_id": "",
      "partner_key": "",
      "notify_url": ""
    },
    "express": {
      "appid": "",
      "appkey": "",
      "request_url": "http://api.kdniao.cc/Ebusiness/EbusinessOrderHandle.aspx"
    },
    "vaptcha": {
      "vid": "5b91e6cafc650e21701ec0f5",
      "key": "2383e7da4c2048b8a39fd652802a07b7"
    },
    "qiniu": {
      "accessKey": "",
      "secretKey": "",
      "bucketName": ""
    },
    "SMSClient": {
      "accessKeyId": "accessKeyId",
      "secretAccessKey": "secretAccessKey",
      "SignatureName": "",
      "TemplateDomesticCode": "",
      "TemplateAbroadCode": ""
    },
    "cache": {
      "type": "file",
      "file": {
        "timeout": 86400000,
        "cachePath": "/Users/Alex/Downloads/online-mall-master/bbgshop_nodemaster/runtime/cache",
        "pathDepth": 1,
        "gcInterval": 86400000
      }
    },
    "model": {
      "type": "mysql",
      "mysql": {
        "logConnect": true,
        "logSql": true,
        "database": "dwshop",
        "prefix": "bbgshop_",
        "encoding": "utf8mb4",
        "host": "127.0.0.1",
        "port": "3306",
        "user": "root",
        "password": "",
        "dateStrings": true
      }
    },
    "logger": {
      "type": "console",
      "console": {},
      "file": {
        "backups": 10,
        "absolute": true,
        "maxLogSize": 51200,
        "filename": "/Users/Alex/Downloads/online-mall-master/bbgshop_nodemaster/logs/app.log"
      },
      "dateFile": {
        "level": "ALL",
        "absolute": true,
        "pattern": "-yyyy-MM-dd",
        "alwaysIncludePattern": true,
        "filename": "/Users/Alex/Downloads/online-mall-master/bbgshop_nodemaster/logs/app.log"
      }
    }
  },
  "api": {
    "port": 8360,
    "workers": 0,
    "stickyCluster": false,
    "startServerTimeout": 3000,
    "reloadSignal": "SIGUSR2",
    "processKillTimeout": 10000,
    "jsonpCallbackField": "callback",
    "jsonContentType": "application/json",
    "jsonpContentType": "application/javascript",
    "errnoField": "errno",
    "errmsgField": "errmsg",
    "defaultErrno": 1000,
    "validateDefaultErrno": 1001,
    "default_module": "api",
    "weixin": {
      "appid": "",
      "secret": "",
      "mch_id": "",
      "partner_key": "",
      "notify_url": ""
    },
    "express": {
      "appid": "",
      "appkey": "",
      "request_url": "http://api.kdniao.cc/Ebusiness/EbusinessOrderHandle.aspx"
    },
    "vaptcha": {
      "vid": "5b91e6cafc650e21701ec0f5",
      "key": "2383e7da4c2048b8a39fd652802a07b7"
    },
    "qiniu": {
      "accessKey": "",
      "secretKey": "",
      "bucketName": ""
    },
    "SMSClient": {
      "accessKeyId": "accessKeyId",
      "secretAccessKey": "secretAccessKey",
      "SignatureName": "",
      "TemplateDomesticCode": "",
      "TemplateAbroadCode": ""
    },
    "publicController": [
      "index",
      "catalog",
      "topic",
      "auth",
      "goods",
      "brand",
      "search",
      "region",
      "feedback",
      "bargain",
      "luckdraw"
    ],
    "publicAction": [
      "comment/list",
      "comment/count",
      "cart/index",
      "cart/add",
      "cart/checked",
      "cart/update",
      "cart/delete",
      "cart/goodscount",
      "pay/notify",
      "luckdraw/findinfo",
      "feedback/exchange",
      "bargain/bargainlist",
      "luckdraw/findjoinpeople"
    ],
    "cache": {
      "type": "file",
      "file": {
        "timeout": 86400000,
        "cachePath": "/Users/Alex/Downloads/online-mall-master/bbgshop_nodemaster/runtime/cache",
        "pathDepth": 1,
        "gcInterval": 86400000
      }
    },
    "model": {
      "type": "mysql",
      "mysql": {
        "logConnect": true,
        "logSql": true,
        "database": "dwshop",
        "prefix": "bbgshop_",
        "encoding": "utf8mb4",
        "host": "127.0.0.1",
        "port": "3306",
        "user": "root",
        "password": "",
        "dateStrings": true
      }
    },
    "logger": {
      "type": "console",
      "console": {},
      "file": {
        "backups": 10,
        "absolute": true,
        "maxLogSize": 51200,
        "filename": "/Users/Alex/Downloads/online-mall-master/bbgshop_nodemaster/logs/app.log"
      },
      "dateFile": {
        "level": "ALL",
        "absolute": true,
        "pattern": "-yyyy-MM-dd",
        "alwaysIncludePattern": true,
        "filename": "/Users/Alex/Downloads/online-mall-master/bbgshop_nodemaster/logs/app.log"
      }
    }
  },
  "common": {
    "port": 8360,
    "workers": 0,
    "stickyCluster": false,
    "startServerTimeout": 3000,
    "reloadSignal": "SIGUSR2",
    "processKillTimeout": 10000,
    "jsonpCallbackField": "callback",
    "jsonContentType": "application/json",
    "jsonpContentType": "application/javascript",
    "errnoField": "errno",
    "errmsgField": "errmsg",
    "defaultErrno": 1000,
    "validateDefaultErrno": 1001,
    "default_module": "api",
    "weixin": {
      "appid": "",
      "secret": "",
      "mch_id": "",
      "partner_key": "",
      "notify_url": ""
    },
    "express": {
      "appid": "",
      "appkey": "",
      "request_url": "http://api.kdniao.cc/Ebusiness/EbusinessOrderHandle.aspx"
    },
    "vaptcha": {
      "vid": "5b91e6cafc650e21701ec0f5",
      "key": "2383e7da4c2048b8a39fd652802a07b7"
    },
    "qiniu": {
      "accessKey": "",
      "secretKey": "",
      "bucketName": ""
    },
    "SMSClient": {
      "accessKeyId": "accessKeyId",
      "secretAccessKey": "secretAccessKey",
      "SignatureName": "",
      "TemplateDomesticCode": "",
      "TemplateAbroadCode": ""
    },
    "cache": {
      "type": "file",
      "file": {
        "timeout": 86400000,
        "cachePath": "/Users/Alex/Downloads/online-mall-master/bbgshop_nodemaster/runtime/cache",
        "pathDepth": 1,
        "gcInterval": 86400000
      }
    },
    "model": {
      "type": "mysql",
      "mysql": {
        "logConnect": true,
        "logSql": true,
        "database": "dwshop",
        "prefix": "bbgshop_",
        "encoding": "utf8mb4",
        "host": "127.0.0.1",
        "port": "3306",
        "user": "root",
        "password": "",
        "dateStrings": true
      }
    },
    "logger": {
      "type": "console",
      "console": {},
      "file": {
        "backups": 10,
        "absolute": true,
        "maxLogSize": 51200,
        "filename": "/Users/Alex/Downloads/online-mall-master/bbgshop_nodemaster/logs/app.log"
      },
      "dateFile": {
        "level": "ALL",
        "absolute": true,
        "pattern": "-yyyy-MM-dd",
        "alwaysIncludePattern": true,
        "filename": "/Users/Alex/Downloads/online-mall-master/bbgshop_nodemaster/logs/app.log"
      }
    }
  },
  "weixinpay": {
    "port": 8360,
    "workers": 0,
    "stickyCluster": false,
    "startServerTimeout": 3000,
    "reloadSignal": "SIGUSR2",
    "processKillTimeout": 10000,
    "jsonpCallbackField": "callback",
    "jsonContentType": "application/json",
    "jsonpContentType": "application/javascript",
    "errnoField": "errno",
    "errmsgField": "errmsg",
    "defaultErrno": 1000,
    "validateDefaultErrno": 1001,
    "default_module": "api",
    "weixin": {
      "appid": "",
      "secret": "",
      "mch_id": "",
      "partner_key": "",
      "notify_url": ""
    },
    "express": {
      "appid": "",
      "appkey": "",
      "request_url": "http://api.kdniao.cc/Ebusiness/EbusinessOrderHandle.aspx"
    },
    "vaptcha": {
      "vid": "5b91e6cafc650e21701ec0f5",
      "key": "2383e7da4c2048b8a39fd652802a07b7"
    },
    "qiniu": {
      "accessKey": "",
      "secretKey": "",
      "bucketName": ""
    },
    "SMSClient": {
      "accessKeyId": "accessKeyId",
      "secretAccessKey": "secretAccessKey",
      "SignatureName": "",
      "TemplateDomesticCode": "",
      "TemplateAbroadCode": ""
    },
    "cache": {
      "type": "file",
      "file": {
        "timeout": 86400000,
        "cachePath": "/Users/Alex/Downloads/online-mall-master/bbgshop_nodemaster/runtime/cache",
        "pathDepth": 1,
        "gcInterval": 86400000
      }
    },
    "model": {
      "type": "mysql",
      "mysql": {
        "logConnect": true,
        "logSql": true,
        "database": "dwshop",
        "prefix": "bbgshop_",
        "encoding": "utf8mb4",
        "host": "127.0.0.1",
        "port": "3306",
        "user": "root",
        "password": "",
        "dateStrings": true
      }
    },
    "logger": {
      "type": "console",
      "console": {},
      "file": {
        "backups": 10,
        "absolute": true,
        "maxLogSize": 51200,
        "filename": "/Users/Alex/Downloads/online-mall-master/bbgshop_nodemaster/logs/app.log"
      },
      "dateFile": {
        "level": "ALL",
        "absolute": true,
        "pattern": "-yyyy-MM-dd",
        "alwaysIncludePattern": true,
        "filename": "/Users/Alex/Downloads/online-mall-master/bbgshop_nodemaster/logs/app.log"
      }
    }
  }
}